position,channelId,channelTitle,videoId,publishedAt,publishedAtSQL,videoTitle,videoDescription,tags,videoCategoryId,videoCategoryLabel,topicCategories,duration,durationSec,dimension,definition,caption,defaultLanguage,defaultLAudioLanguage,thumbnail_maxres,licensedContent,locationDescription,latitude,longitude,viewCount,likeCount,dislikeCount,favoriteCount,commentCount
1,UCyH7z1amFxTHt0QlipJh74g,YÃ¼ah.,gFliwMCi71s,2026-02-10T19:00:53Z,"2026-02-10 19:00:53","Die 100 besten Pop-Songs der 2010er","Ihr dachtet hoffentlich nicht, ich sei mit der Nummer hier fertig. Das Ranking als Playlist auf Spotify: https://open.spotify.com/playlist/5Sspuu08xulYcRTKpP4e0b â–º Instagram: https://www.instagram.com/yueahpunkt/ â–º Facebook: https://www.facebook.com/VBTMemes/ SNUBBED SONGS (nicht gerankt): Adele - Hello Adele - Set Fire To The Rain Adele - Someone Like You Azealia Banks - 1991 Azealia Banks - Anna Wintour B.o.B feat. Hayley Williams - Airplanes Britney Spears - Perfume CHVRCHES - Clearest Blue Capital Cities - Safe And Sound Carly Rae Jepsen - Warm Blood Charli xcx feat. Christine and The Queens - Gone Coldplay - Hymn for the Weekend Dennis Lloyd - Nevermind Eminem feat. Rihanna - Love The Way You Lie Faber - Das Boot ist voll Flo Rida - Whistle Florence + The Machine - South London Forever Gym Class Heroes feat. Adam Levine - Stereo Hearts Halsey - Gasoline Katy Perry - Last Friday Night Katy Perry - Roar Katy Perry - Teenage Dream Katy Perry - The One That Got Away Katy Perry feat. Juicy J - Dark Horse Kesha & Pitbull - Timber Kesha - Die Young Lana Del Rey - 13 Beaches Lil Nas X feat. Billy Ray Cyrus - Old Town Road Lorde - Green Light Lorde - Royals Lorde - The Louvre Magdalena Bay - Killshot Magdalena Bay - Venice Major Lazer feat. Amber of Dirty Projectors - Get Free Mark Ronson feat. Miley Cyrus - Nothing Breaks Like A Heart Miley Cyrus - Unholy Nelly Furtado feat. Ace Primo - High Life NilÃ¼fer Yanya - Baby Blu Novaa - Club Paradise PSY - Gangnam Style Pitbull feat. AFROJACK & Ne-Yo - Give Me Everything Pitbull feat. T-Pain - Hey Baby (Drop It to the Floor) Rihanna - Kiss It Better Roosevelt - Elliot Sia - Chandelier Taio Cruz feat. Ludacris - Break Your Heart Taylor Swift - All You Had To Do Was Stay Taylor Swift - Getaway Car Taylor Swift - august Twenty One Pilots - Stressed Out Usher feat. Pitbull - DJ Got Us Fallin In Love Zara Larsson - All The Time","VBT,TNM Rapbattle,Brian Diamond",10,Music,"Music,Pop_music",PT14M30S,870,2d,hd,false,en,de,https://i.ytimg.com/vi/gFliwMCi71s/maxresdefault.jpg,,,,,464,67,,0,37
2,UCyH7z1amFxTHt0QlipJh74g,YÃ¼ah.,H9JQyAzI_js,2025-12-31T09:00:35Z,"2025-12-31 09:00:35","Die 100 besten Pop-Songs der 2000er","Die besten Pop-Songs der 2000er, Ranking komplett nach meinem objektiven Geschmack. Hatte ich Bock drauf, da mÃ¼sst ihr jetzt drunter leiden. Keine Sorge, das ist hier auch weiterhin ein VBT-Kanal. Das Ranking als Playlist auf Spotify: https://open.spotify.com/playlist/53nhoiYbJL88pWmGppGSNc â–º Instagram: https://www.instagram.com/yueahpunkt/ â–º Facebook: https://www.facebook.com/VBTMemes/","VBT,TNM Rapbattle,Brian Diamond",10,Music,"Music,Pop_music",PT14M4S,844,2d,hd,false,de,de,https://i.ytimg.com/vi/H9JQyAzI_js/maxresdefault.jpg,,,,,2076,211,,0,82
3,UCyH7z1amFxTHt0QlipJh74g,YÃ¼ah.,qDQ0CeSIjlk,2025-10-12T17:50:53Z,"2025-10-12 17:50:53","Famebeats: VBT-Runden auf 2010er Hits","Melanieeee! Scottyyyy! â–º Instagram: https://www.instagram.com/yueahpunkt/ â–º Facebook: https://www.facebook.com/VBTMemes/ #vbt #battlerap","VBT,TNM Rapbattle,Brian Diamond",10,Music,"Hip_hop_music,Music,Pop_music",PT6M40S,400,2d,hd,false,de,de,https://i.ytimg.com/vi/qDQ0CeSIjlk/maxresdefault.jpg,,,,,3741,277,,0,65
4,UCyH7z1amFxTHt0QlipJh74g,YÃ¼ah.,Ule9-jdyESE,2025-10-06T14:00:46Z,"2025-10-06 14:00:46","Die allerbesten Hooks im VBT 2011 - Part 1","In dem Tempo sollten wir bis 2046 mit allen VBT-Hook-Videos durch sein. â–º Instagram: https://www.instagram.com/yueahpunkt/ â–º Facebook: https://www.facebook.com/VBTMemes/","VBT,TNM Rapbattle,Brian Diamond",10,Music,"Hip_hop_music,Music,Pop_music",PT15M33S,933,2d,hd,false,de,de,https://i.ytimg.com/vi/Ule9-jdyESE/maxresdefault.jpg,,,,,7560,449,,0,69
5,UCyH7z1amFxTHt0QlipJh74g,YÃ¼ah.,AQxQ3g7p6cQ,2025-04-30T17:57:55Z,"2025-04-30 17:57:55","Kommt hart, wenn @KicofQueens zwÃ¶lf Jahre spÃ¤ter darauf reactet.",,,10,Music,Entertainment,PT14S,14,2d,hd,false,de,de,https://i.ytimg.com/vi/AQxQ3g7p6cQ/maxresdefault.jpg,,,,,2709,65,,0,2
6,UCyH7z1amFxTHt0QlipJh74g,YÃ¼ah.,_Ed88Ifanp8,2025-02-14T22:29:42Z,"2025-02-14 22:29:42","@rappersin Wo VBT 2030? ğŸ‘´ğŸ»",,,10,Music,"Music,Rock_music",PT30S,30,2d,hd,false,de,de,https://i.ytimg.com/vi/_Ed88Ifanp8/maxresdefault.jpg,,,,,3884,205,,0,11
7,UCyH7z1amFxTHt0QlipJh74g,YÃ¼ah.,4398AbQ5YKg,2025-01-06T15:00:08Z,"2025-01-06 15:00:08","VBT Release Radar 2024: Die Songs des Jahres","Duzoe und Mauli verÃ¶ffentlichen am selben Tag die Alben des Jahres 2024 und Jenny legt kurz vor Ende mit seinem ersten Soloalbum noch eins drauf. Ihr kÃ¶nnt euch also vorstellen, was hier los ist. Mein lieber Scholli. â–º Spotify-Playlist: https://open.spotify.com/playlist/2Hcy1pdlF6qV9VAAT1u0Kx â–º YouTube-Playlist: https://youtube.com/playlist?list=PL-U96OxXgq85-T6YfhB1V-iCBOnh8WbJc â–º Instagram: https://www.instagram.com/yueahpunkt/ â–º Facebook: https://www.facebook.com/VBTMemes/ #vbt #battlerap","VBT,TNM Rapbattle,Brian Diamond",10,Music,"Hip_hop_music,Music,Pop_music",PT13M54S,834,2d,hd,false,de,de,https://i.ytimg.com/vi/4398AbQ5YKg/maxresdefault.jpg,,,,,5516,355,,0,98
8,UCyH7z1amFxTHt0QlipJh74g,YÃ¼ah.,fxh4B8nL77U,2024-12-25T20:12:18Z,"2024-12-25 20:12:18","Famebeats: VBT-Runden auf Deutschrap Classics","Kico geht Karneval als Regenwolke, Primar hat mit Schnitten zu tun - und was ist euer Neujahrsvorsatz? â–º Instagram: https://www.instagram.com/yueahpunkt/ â–º Facebook: https://www.facebook.com/VBTMemes/ #vbt #battlerap","VBT,TNM Rapbattle,Brian Diamond",10,Music,"Hip_hop_music,Music",PT7M8S,428,2d,hd,false,de,de,https://i.ytimg.com/vi/fxh4B8nL77U/maxresdefault.jpg,,,,,7658,383,,0,60
9,UCyH7z1amFxTHt0QlipJh74g,YÃ¼ah.,da5N6LVf_1A,2024-10-28T15:00:50Z,"2024-10-28 15:00:50","Die besten Hooks aus jedem Turnier, auÃŸer dem VBT.","Wie peinlich: Jetzt gehen dem MÃ¼slimeier die Ideen endgÃ¼ltig aus. Zu wenig Reka-Hooks. Zu viele Kico-Hooks. Jede Hook gegen SpongeBozz, keine Hook von SpongeBozz. Und dann hat er noch die eine Ãœber-Hook von Vocal aus der Vorrunde 8 von WandelBarZ im ZYBRMZ 2014 vergessen. â–º Instagram: https://www.instagram.com/yueahpunkt/ â–º Facebook: https://www.facebook.com/VBTMemes/","VBT,TNM Rapbattle,Brian Diamond,JBB,CLT,Reka,Happy Beckmann,Battleboi Basti,beste hooks,scb,reka hooks,spongebozz,juliensblog,kico,kico reaction,yÃ¼ah,4tune,gio,gio jbb,4tune jbb,tnm reka,skypeboi,bossxplosive",10,Music,"Hip_hop_music,Music",PT27M54S,1674,2d,hd,false,de,de,https://i.ytimg.com/vi/da5N6LVf_1A/maxresdefault.jpg,,,,,28205,834,,0,278
10,UCyH7z1amFxTHt0QlipJh74g,YÃ¼ah.,cCHego12O30,2024-09-27T16:00:46Z,"2024-09-27 16:00:46","Famebeats: VBT-Runden auf 2000er Hits","T-Style x Timbaland vor GTA 6. â–º Instagram: https://www.instagram.com/yueahpunkt/ â–º Facebook: https://www.facebook.com/VBTMemes/ #vbt #battlerap","VBT,TNM Rapbattle,Brian Diamond",10,Music,"Hip_hop_music,Music",PT5M46S,346,2d,hd,false,de,de,https://i.ytimg.com/vi/cCHego12O30/maxresdefault.jpg,,,,,9690,459,,0,98
11,UCyH7z1amFxTHt0QlipJh74g,YÃ¼ah.,oXBNu7-XoxE,2024-09-19T18:22:01Z,"2024-09-19 18:22:01","Wer kann mir den Namen vom Gewinner des VBT 2012 sagen?",,,10,Music,Music,PT13S,13,2d,hd,false,de,de,https://i.ytimg.com/vi/oXBNu7-XoxE/maxresdefault.jpg,,,,,2468,132,,0,5
12,UCyH7z1amFxTHt0QlipJh74g,YÃ¼ah.,AWssMkXquBg,2024-03-18T17:28:48Z,"2024-03-18 17:28:48","Die allerbesten Hooks im VBT 2010","Der sauerste Djin, der partylustigste Scotch, der garstigste Kico, dazu sind Koala und Calli in Hochform. Das alles wolltet ihr euch entgehen lassen? Mmmmmh, nein! â–º Facebook: https://www.facebook.com/VBTMemes/ â–º Instagram: https://www.instagram.com/yueahpunkt/ #vbt #battlerap","VBT,TNM Rapbattle,Brian Diamond,Kico,Scotch,Djin,Rec-Z,Calli,GeOT,Trill Fingaz,Entetainment,Eypro,Gio",10,Music,"Hip_hop_music,Music",PT16M4S,964,2d,hd,false,de,de,https://i.ytimg.com/vi/AWssMkXquBg/maxresdefault.jpg,,,,,15078,437,,0,81
13,UCyH7z1amFxTHt0QlipJh74g,YÃ¼ah.,-n3KsjKfBqY,2024-02-11T10:00:00Z,"2024-02-11 10:00:00","VBT Release Radar 2023: Die Songs des Jahres","Als Disclaimer vorab: Mir ist es schwer gefallen, die Songs zu ranken und ich habe noch im Schnitt Tracks immer wieder verschoben. Alle gelisteten Songs sind unabhÃ¤ngig von der Platzierung zertifizierte Vollbretter. Stockmann und Duzoe hatten auch auÃŸerhalb von ODMGDIA ein absolut heftiges Jahr. Das Album der prenzlboys ist mein meistgehÃ¶rtes dieses Jahr, auch Ã‰ASY hat ein starkes Release abgeliefert. Und dass Kico einen Track in zwei Jahren verÃ¶ffentlicht, wird natÃ¼rlich honoriert. Alle Songs aus dem Video in einer Playlist: â–º Spotify: https://sptfy.com/vbtrl-23 â–º YouTube: https://youtube.com/playlist?list=PL-U96OxXgq84T5gaaAFKs3Tv7JpBi3Ya4&si=F3Ftvbsve4e10gWV â–º Facebook: https://www.facebook.com/VBTMemes/ Intro- und Outro-Musik: ----------------------------------------Â­Â­Â­Â­Â­------------------------------------Â­-Â­-Â­- â™« Music is from RepeatSounds! http://www.youtube.com/user/RepeatSounds http://www.facebook.com/RepeatSounds https://soundcloud.com/repeatsounds https://twitter.com/RepeatSounds â™« Check out the artist! https://soundcloud.com/minor-u https://www.facebook.com/MinoruMusic http://twitter.com/iAmMinoru ----------------------------------------Â­Â­Â­Â­Â­------------------------------------Â­-Â­-Â­-","VBT,TNM Rapbattle,Brian Diamond,Kico,Jay Jiggy,Gio,rappers.in,JBB",10,Music,"Electronic_music,Hip_hop_music,Music,Pop_music",PT14M,840,2d,hd,false,de,de,https://i.ytimg.com/vi/-n3KsjKfBqY/maxresdefault.jpg,,,,,6166,325,,0,104
14,UCyH7z1amFxTHt0QlipJh74g,YÃ¼ah.,IbxWpbIaaW4,2023-12-23T11:00:25Z,"2023-12-23 11:00:25","Die besten VBT-Punchlines - Part 2","Frohes Fest allerseits! Hier kommt der zweite Teil der ""besten"" VBT-""Punchlines"". Lance Butters ist auch fÃ¼r knappe vier Sekunden im Video zu sehen. Ich bin weiter offen fÃ¼r eure VorschlÃ¤ge fÃ¼r die nÃ¤chsten Parts. Beim Part von donetasy ist mir ein Fehler unterlaufen: Der ist natÃ¼rlich aus der Vorrunde 3 gegen 8bit und nicht aus der VR 2 gegen Ceno Limit. â–º Facebook: https://www.facebook.com/VBTMemes/ â–º Das ""VBT Release Radar"" auf Spotify: https://spoti.fi/3u05kuN","VBT,TNM Rapbattle,Brian Diamond",10,Music,"Hip_hop_music,Music",PT3M56S,236,2d,hd,false,de,de,https://i.ytimg.com/vi/IbxWpbIaaW4/maxresdefault.jpg,,,,,16491,504,,0,62
15,UCyH7z1amFxTHt0QlipJh74g,YÃ¼ah.,JfhjQfTEAHk,2023-11-10T15:30:05Z,"2023-11-10 15:30:05","Die besten VBT-Punchlines - Part 1","Servus! Dank der krassen Resonanz auf den Community-Post habe ich euch mal ein Best Of der (natÃ¼rlich meiner Meinung) besten Punchlines der VBT-Geschichte zusammengezimmert. Das Video outet mich zwar als fÃ¼rchterlichen Flachwitz-Fan, aber es gibt ja demnÃ¤chst noch weitere Teile. Schreibt mir eure Lieblings-Punchlines gerne in die Kommentare. Frank Hemd, MoooN, SpliffTastiC und Klaus Bukkake haben bereits die Tickets fÃ¼r die nÃ¤chsten vierzehn Parts gebucht. â–º Facebook: https://www.facebook.com/VBTMemes/ â–º Das ""VBT Release Radar"" auf Spotify: https://spoti.fi/3u05kuN","VBT,TNM Rapbattle,Brian Diamond",10,Music,"Hip_hop_music,Humour,Music",PT3M37S,217,2d,hd,false,de,de,https://i.ytimg.com/vi/JfhjQfTEAHk/maxresdefault.jpg,,,,,19338,650,,0,86
16,UCyH7z1amFxTHt0QlipJh74g,YÃ¼ah.,q1D7-OGIIzs,2023-11-01T13:00:43Z,"2023-11-01 13:00:43","Die allerbesten Hooks im VBT 2015 - Part 2","Hier kommt der zweite Teil der besten Hooks aus dem VBT 2015. Dass Dima Richman auf dem Thumbnail ist, ist kein Zufall, denn der ist hier Ã¶fter vertreten als Frank Hemd, Vocal oder Shliiwa. Oder jeder andere. Das ist auch nicht die einzige geschmacklich kontroverse Entscheidung, die in diesem Zusammenschnitt getroffen wurde. Viel SpaÃŸ beim Schauen! â–º Das ""VBT Release Radar"" auf Spotify: https://spoti.fi/3u05kuN â–º Facebook: https://www.facebook.com/VBTMemes/ Intro- und Outro-Musik: ----------------------------------------Â­Â­Â­Â­Â­------------------------------------Â­-Â­-Â­- â™« Music is from RepeatSounds! http://www.youtube.com/user/RepeatSounds http://www.facebook.com/RepeatSounds https://soundcloud.com/repeatsounds https://twitter.com/RepeatSounds â™« Check out the artist! https://soundcloud.com/minor-u https://www.facebook.com/MinoruMusic http://twitter.com/iAmMinoru ----------------------------------------Â­Â­Â­Â­Â­------------------------------------Â­-Â­-Â­-","VBT,TNM Rapbattle,Brian Diamond",10,Music,"Hip_hop_music,Music",PT19M13S,1153,2d,hd,false,de,de,https://i.ytimg.com/vi/q1D7-OGIIzs/maxresdefault.jpg,,,,,13313,404,,0,90
17,UCyH7z1amFxTHt0QlipJh74g,YÃ¼ah.,CIGhC6p64qA,2023-05-26T14:00:14Z,"2023-05-26 14:00:14","Die allerbesten Hooks im VBT 2015 - Part 1","Ich schwÃ¶re, der zweite Part besteht nur aus Vocal-Hooks. Frank Hemd ziert diesmal das Thumbnail, dessen Hooks natÃ¼rlich zahlreich vertreten sind. Und auch wenn Kico das nicht fÃ¼hlt, ist jede zweiter Beitrag hier von Shliiwa. Kommentiert gerne mit den Hooks, die unbedingt in Part 2 mÃ¼ssen. â–º Facebook: https://www.facebook.com/VBTMemes/ Intro- und Outro-Musik: ----------------------------------------Â­Â­Â­Â­Â­------------------------------------Â­-Â­-Â­- â™« Music is from RepeatSounds! http://www.youtube.com/user/RepeatSounds http://www.facebook.com/RepeatSounds https://soundcloud.com/repeatsounds https://twitter.com/RepeatSounds â™« Check out the artist! https://soundcloud.com/minor-u https://www.facebook.com/MinoruMusic http://twitter.com/iAmMinoru ----------------------------------------Â­Â­Â­Â­Â­------------------------------------Â­-Â­-Â­-","VBT,TNM Rapbattle,Brian Diamond,Frank Hemd,Kico,Dima Richman,Rapido",10,Music,"Hip_hop_music,Music",PT17M58S,1078,2d,hd,false,de,de,https://i.ytimg.com/vi/CIGhC6p64qA/maxresdefault.jpg,,,,,22571,553,,0,80
18,UCyH7z1amFxTHt0QlipJh74g,YÃ¼ah.,38Ss0tYm-ig,2023-05-14T08:00:02Z,"2023-05-14 08:00:02","Das VBT Release Radar 2022","Mit der Ã¼blichen UnpÃ¼nktlichkeit kommt hier das nun fÃ¼nfte VBT Release Radar. Ich bin allerdings nicht der einzige, der sich Zeit lÃ¤sst: 3Plusss bringt sechs Jahre und 4Tune fÃ¼nf Jahre nach dem letzten Solo-Album wieder ein Release auf AlbumlÃ¤nge raus. Es erwarten euch noch ein paar der Ã¼blichen VerdÃ¤chtigen, aber auch einige Comebacks. Hinweis am Rande: Dass Vitality im letzten Jahr mit einigem Erfolg eine EP releast hat, ist mir zwar bekannt â€“ aber dass sie nochmal auf dem Kanal hier erscheint, â€das wird fÃ¼r sie nicht easyâ€œ. Man kann zwar mal aus Versehen ne Hymne fÃ¼r Corona-Demos und rechte Telegram-Gruppen schreiben, man kann es aber auch lassen. ----------------------------------------Â­Â­Â­Â­Â­------------------------------------Â­-Â­-Â­- â–º Spotify-Playlist: https://spoti.fi/3r7zDZt â–º Facebook: https://www.facebook.com/VBTMemes/ â–º Alternativer Beat: MAULI - Autismus x Autotune Type Beat | prod.by [S.M.B] https://www.youtube.com/watch?v=BnlmXfOXZiQ Intro-Musik: ----------------------------------------Â­Â­Â­Â­Â­------------------------------------Â­-Â­-Â­- â™« Music is from RepeatSounds! http://www.youtube.com/user/RepeatSounds http://www.facebook.com/RepeatSounds https://soundcloud.com/repeatsounds https://twitter.com/RepeatSounds â™« Check out the artist! https://soundcloud.com/minor-u https://www.facebook.com/MinoruMusic http://twitter.com/iAmMinoru ----------------------------------------Â­Â­Â­Â­Â­------------------------------------Â­-Â­-Â­-","VBT,TNM Rapbattle,Brian Diamond",10,Music,"Electronic_music,Hip_hop_music,Music,Pop_music",PT11M14S,674,2d,hd,false,de,de,https://i.ytimg.com/vi/38Ss0tYm-ig/maxresdefault.jpg,,,,,3654,213,,0,35
19,UCyH7z1amFxTHt0QlipJh74g,YÃ¼ah.,mYSco6AtgwM,2022-12-24T19:39:58Z,"2022-12-24 19:39:58","Die besten Gastauftritte im VBT","Frohe Weihnachten, ihr Splasher! Als Beweis, dass sich aus elf Jahren VBT immer noch die absurdesten Videos machen lassen, kommt heute eine Zusammenstellung der besten Gastauftritte von Rapperinnen und Rappern, die selbst nie am Turnier teilgenommen haben. Die offensichtlichen Hooks von Trailerpark, Alligatoah und den 257ers sind ebenso dabei wie ein paar unbekanntere Auftritte, die ihr vielleicht bisher noch nicht kanntet. â–º Facebook: https://www.facebook.com/VBTMemes/ Beat ab Menderes: ----------------------------------------Â­Â­Â­Â­Â­------------------------------------Â­-Â­-Â­- MakayziBeatz: EmGi - VBTsplash! Beat https://www.youtube.com/watch?v=WPCtyodlDLo ----------------------------------------Â­Â­Â­Â­Â­------------------------------------Â­-Â­-Â­- Intro- und Outro-Musik: ----------------------------------------Â­Â­Â­Â­Â­------------------------------------Â­-Â­-Â­- â™« Music is from RepeatSounds! http://www.youtube.com/user/RepeatSounds http://www.facebook.com/RepeatSounds https://soundcloud.com/repeatsounds https://twitter.com/RepeatSounds â™« Check out the artist! https://soundcloud.com/minor-u https://www.facebook.com/MinoruMusic http://twitter.com/iAmMinoru ----------------------------------------Â­Â­Â­Â­Â­------------------------------------Â­-Â­-Â­-","VBT,TNM Rapbattle,Brian Diamond,Marvin Game,Alligatoah,Sudden,YÃ¼ah,VBT Splash,VBT Weekend,beste konter vbt,Vbt konter,Vbt hooks",10,Music,"Hip_hop_music,Music,Pop_music",PT12M15S,735,2d,hd,false,de,de,https://i.ytimg.com/vi/mYSco6AtgwM/maxresdefault.jpg,,,,,40335,1034,,0,160
20,UCyH7z1amFxTHt0QlipJh74g,YÃ¼ah.,ZPPxkvBKv_c,2022-12-09T17:30:03Z,"2022-12-09 17:30:03","Die allerbesten Hooks im VBT 2012 - Part 3","2019 hab ich in die Videobeschreibung des letzten Parts geschrieben, dass es noch etwas mit dem dritten und letzten Teil der VBT 2012 Hooks dauert. Das war im Nachhinein eine mittelschwere Untertreibung und dreieinhalb Jahre spÃ¤ter erwartet euch tatsÃ¤chlich der dritte Part, pÃ¼nktlich zum zehnjÃ¤hrigen JubilÃ¤um des VBT 2012. Kleiner Hinweis am Rande: Ausschnitte aus Runden von EstA wird es erst einmal nicht mehr in den Videos geben, da dieser bei anderen KanÃ¤len bereits Videos mit Parts aus seinen Runden geclaimt hat. â–º Facebook: https://www.facebook.com/VBTMemes/ Intro- und Outro-Musik: ----------------------------------------Â­Â­Â­Â­Â­------------------------------------Â­-Â­-Â­- â™« Music is from RepeatSounds! http://www.youtube.com/user/RepeatSounds http://www.facebook.com/RepeatSounds https://soundcloud.com/repeatsounds https://twitter.com/RepeatSounds â™« Check out the artist! https://soundcloud.com/minor-u https://www.facebook.com/MinoruMusic http://twitter.com/iAmMinoru ----------------------------------------Â­Â­Â­Â­Â­------------------------------------Â­-Â­-Â­-","VBT,TNM Rapbattle,Brian Diamond",10,Music,"Hip_hop_music,Music",PT16M58S,1018,2d,hd,false,de,de,https://i.ytimg.com/vi/ZPPxkvBKv_c/maxresdefault.jpg,,,,,22210,423,,0,68
21,UCyH7z1amFxTHt0QlipJh74g,YÃ¼ah.,mEEecVHePHE,2022-05-25T14:00:22Z,"2022-05-25 14:00:22","Das VBT Release Radar 2021","Es kommt spÃ¤t, aber es kommt: Das vierte VBT Release Radar. Erneut mit dem Hinweis versehen: Es geht um die Alben und EPs des vergangenen Jahres, nicht um einzelne Tracks. In diesem Jahr kann das Release Radar mit einigen Comebacks, wie denen von Scotch, Mikzn und Steasy aufwarten. Auch wenn man von Ã¼blichen VerdÃ¤chtigen wie Sierra Kidd absieht, sind diesmal viele Releases dabei, die eine Chartplatzierung erreichten: Cashisclay mit seinem DebÃ¼t-Album, Taha/Kex Kuhl, Deamon, Kynda Gray und einige mehr. Bis nÃ¤chstes Jahr dann! #YÃ¼ah #VBT #ReleaseRadar â–º Folgt der ""VBT Release Radar""-Playlist auf Spotify: https://spoti.fi/3r7zDZt â–º Facebook: https://www.facebook.com/VBTMemes/ â–º Alternativer Beat: MAULI - Autismus x Autotune Type Beat | prod.by [S.M.B] https://www.youtube.com/watch?v=BnlmXfOXZiQ Intro- und Outro-Musik: ----------------------------------------Â­Â­Â­Â­Â­------------------------------------Â­-Â­-Â­- â™« Music is from RepeatSounds! http://www.youtube.com/user/RepeatSounds http://www.facebook.com/RepeatSounds https://soundcloud.com/repeatsounds https://twitter.com/RepeatSounds â™« Check out the artist! https://soundcloud.com/minor-u https://www.facebook.com/MinoruMusic http://twitter.com/iAmMinoru ----------------------------------------Â­Â­Â­Â­Â­------------------------------------Â­-Â­-Â­-","VBT,TNM Rapbattle,Brian Diamond",10,Music,"Electronic_music,Hip_hop_music,Music,Pop_music",PT11M23S,683,2d,hd,false,de,de,https://i.ytimg.com/vi/mEEecVHePHE/maxresdefault.jpg,,,,,3347,157,,0,44
22,UCyH7z1amFxTHt0QlipJh74g,YÃ¼ah.,6bYYAakRo7E,2021-03-13T10:16:24Z,"2021-03-13 10:16:24","Das VBT Release Radar 2020","Ja, ich weiÃŸ, ihr wollt mit dem Jahr 2020 endlich abschlieÃŸen, aber ich hÃ¤tte da noch einen Nachtrag. Es kommt spÃ¤t - aber es kommt doch noch: Das VBT Release Radar ist back. Wer auch immer die Beschreibung liest: Hier geht's um die Alben und EPs des letzten Jahres, nicht um einzelne Songs. Nur damit keine MissverstÃ¤ndnisse aufkommen, wie im letzten Jahr. Ja, lieber Peat, du bist gemeint. :) Dein (sehr gutes) Album ""Weit Weit Weg"" ist mit von der Partie. Ein weiterer VBT-Gewinner hat auch endlich wieder mal releast: Weekend ist mit ""Lightwolf"" sogar nochmal gechartet. Coverstar dieses Jahr ist Ã‰smaticx, die nach Ewigkeiten mal wieder ein Album gemacht hat: ""In der Luft"" heiÃŸt das gute Ding. 3Plusss hat sich ebenfalls, nachdem wir lange auf einen Gottkomplex-Nachfolger warten mussten, dazu hinreiÃŸen lassen, mit ""NSFW"" ein neues Album zu releasen. AuÃŸerdem dabei: Duzoe mit ""Deleted Scenes"", MC Baum und Captain Jenny als Prenzlboys mit dem ""Soundcloud Hit Type Tape"" und mein persÃ¶nliches Highlight aus der Liste: Die beiden Alben von Lagunenstyles-Member Der Kolibri. 2020 hatte - musikalisch gesehen - nicht die schlechtesten Seiten. NÃ¤chstes Jahr dann das Release Radar 2021, diesmal pÃ¼nktlicher. Versprochen. #VBT #1Battle #YÃ¼ah â–º Download ""Jetzt erst recht EP"" von Jannix: https://jannix.bandcamp.com/ â–º Folgt der ""VBT Release Radar""-Playlist auf Spotify: https://spoti.fi/3r7zDZt â–º Facebook: https://www.facebook.com/VBTMemes/ â–º Alternativer Beat: MAULI - Autismus x Autotune Type Beat | prod.by [S.M.B] https://www.youtube.com/watch?v=BnlmXfOXZiQ Intro- und Outro-Musik: ----------------------------------------Â­Â­Â­Â­Â­------------------------------------Â­-Â­-Â­- â™« Music is from RepeatSounds! http://www.youtube.com/user/RepeatSounds http://www.facebook.com/RepeatSounds https://soundcloud.com/repeatsounds https://twitter.com/RepeatSounds â™« Check out the artist! https://soundcloud.com/minor-u https://www.facebook.com/MinoruMusic http://twitter.com/iAmMinoru ----------------------------------------Â­Â­Â­Â­Â­------------------------------------Â­-Â­-Â­-","VBT,TNM Rapbattle,Brian Diamond,MundmischeTV,Scotch und Tamo,Kico,kico vbt,vbt 2011,vbt 2012,vbt weekend,vbt esmaticx,vbt splash,esmaticx vs gio,esmaticx gio,esmaticx jannix,1battle,1battle cup,vbt acou,1battle acou,vbt bewertung,vbt release radar,vbt memes,vbt beste konter,vbt elite,vbt beste,3plusss,vbt 3plusss,donetasy,vbt donestasy,3plussss,team malle,sherly,brizzy,blektro,esmaticx vs esta,esmaticx vs jannix,esmaticx vbt 2012",10,Music,"Electronic_music,Hip_hop_music,Music,Pop_music",PT11M25S,685,2d,hd,false,de,de,https://i.ytimg.com/vi/6bYYAakRo7E/maxresdefault.jpg,,,,,7070,238,,0,70
23,UCyH7z1amFxTHt0QlipJh74g,YÃ¼ah.,3v6KvqAyd_g,2020-12-25T17:00:03Z,"2020-12-25 17:00:03","Die knappsten VBT-Battles","Frohe Weihnachten! Genau ein Jahr nach dem ziemlich erfolgreichen Video zu den hÃ¶chsten VBT-Siegen melde ich mich zurÃ¼ck, diesmal mit den knappsten Battles im Videobattleturnier. Es geht hier nicht um die grÃ¶ÃŸten Fehlentscheidungen im VBT oder Ã¤hnliches, das wÃ¤re eine eigene Liste. Trotzdem findet sich hier das ein oder andere umstrittene Battle. Nachdem SpliffTastiC das letzte Video dominiert hatte, teilen sich diesmal GeOT und Kico die Ehre, am Meisten in dieser Liste aufzutauchen. â–º Facebook: https://www.facebook.com/VBTMemes/ Hier die komplette Auflistung aller Battles ab dem VBT 16tel-Finale mit einer Quote von mindestens 90 Prozent (SPOILER): ----------------------------------------Â­Â­Â­Â­Â­------------------------------------Â­-Â­-Â­- Platz 23: VBT 2008 16tel - Rec-Z vs Abduladarula - 10:9 (90%) Platz 22: VBT 2008 Viertel - GeOT vs T-Style - 10:9 (90%) Platz 21: VBT 2008 16tel - MOST vs Kevnox - 11: 10 (90,91%) Platz 20: VBT 2011 Halbfinale - Tamo-Flage vs BattleBoi Basti - 48:44 (91,67%) Platz 19: VBT 2009 Finale - Kico vs 4ree - 13: 12 (92,31%) Platz 18: VBT 2013 16tel - Kennyzle vs LZA - 27:25 (92,59%) Platz 17: VBT 2015 16tel - AmpÃ¨re vs Brian Diamond - 14:13 (92,86%) Platz 16: VBT 2012 16tel - Klaus Bukkake vs Luie-Die-Nadel - 45:42 (93,33%) Platz 15: VBT 2018 Achtel - Engine Itano vs Dima Richman - 33:31 (93,94%) Platz 14: VBT 2010 Achtel - Kico vs Complex - 18:17 (94,44%) Platz 13: VBT 2018 Halbfinale - Engine Itano vs Tomaten Mark - 36:34 (94,44%) Platz 12: VBT 2010 16tel - Dupash vs Xdogg - 20:19 (95%) Platz 11: VBT Elite Viertel - MC Baum vs Brian Diamond - 20:19 (95%) Platz 10: VBT 2013 16tel - DirtyMaulwurf vs Acou - 41:39 (95,12%) Platz 9: VBT 2012 Achtel - Pimf vs Akne - 46:44 (95,65%) Platz 8: VBT 2010 Achtel - Machmut94 vs Koala - 29:28 (96,55%) Platz 7: VBT 2013 Achtel - GeOT vs DirtyMaulwurf - 58:56 (96,55%) Platz 6: VBT 2012 16tel - T-Jey vs Kico - 60:58 (96,67%) Platz 5: VBT 2012 Achtel - Persteasy vs SpliffTastiC - 42:41 (97,62%) Platz 4: VBT 2013 16tel - Akfone vs Presto - 30:29,5 (98,33%) Platz 3: VBT 2015 16tel - Sepsis vs Winin - 16:16 (100%) Platz 2: VBT 2010 16tel - Scotch vs Tripple-G - 25:24 (100%) Platz 1: VBT 2010 Halbfinale - GeOT vs T-Jey - 31:30 (100%) Intro- und Outro-Musik: ----------------------------------------Â­Â­Â­Â­Â­------------------------------------Â­-Â­-Â­- â™« Music is from RepeatSounds! http://www.youtube.com/user/RepeatSounds http://www.facebook.com/RepeatSounds https://soundcloud.com/repeatsounds https://twitter.com/RepeatSounds â™« Check out the artist! https://soundcloud.com/minor-u https://www.facebook.com/MinoruMusic http://twitter.com/iAmMinoru ----------------------------------------Â­Â­Â­Â­Â­------------------------------------Â­-Â­-Â­- Beat vom Videoanfang: ----------------------------------------Â­Â­Â­Â­Â­------------------------------------Â­-Â­-Â­- MAULI - Autismus x Autotune Type Beat | prod.by [S.M.B] https://www.youtube.com/watch?v=BnlmXfOXZiQ ----------------------------------------Â­Â­Â­Â­Â­------------------------------------Â­-Â­-Â­-","VBT,TNM Rapbattle,Brian Diamond,kico,kico vbt,kico reagiert,vbt 2020,hÃ¶chste vbt siege,hÃ¶chste vbt niederlagen,knappste vbt battles,vbt fehlentscheidung,Splifftastic,GeOT,GeOT vs T-Jey,Persteasy,Esta VBT,YÃ¼ah.,rappers in,kico pimf,akne pimf,scotch vbt 2010,eypro,vbt 2010,vbt 2011,vbt 2012,vbt 2015,vbt 2018,peat engine itano,dr lucs,dima richman,engine itano,vbt splash 2012,vbt-splash! 2012,Scotchzeit,MundmischeTV,vbt elite",10,Music,"Hip_hop_music,Music",PT13M47S,827,2d,hd,false,de,de,https://i.ytimg.com/vi/3v6KvqAyd_g/maxresdefault.jpg,,,,,18717,546,,0,112
24,UCyH7z1amFxTHt0QlipJh74g,YÃ¼ah.,xgwcXc4hgk0,2020-05-03T13:30:10Z,"2020-05-03 13:30:10","Die grÃ¶ÃŸten Verpeiler im VBT","Ey, Butterblume...so langsam wird das hier abenteuerlich mit den VBT-Ranglisten. Andererseits habe ich es auch endlich geschafft, donetasy in einer dieser Listen unterzubringen - und das ist doch was wir alle wollen. Shoutouts an Mr.X (Ja, so heiÃŸt der Mensch auf YouTube) fÃ¼r den Videowunsch. Weitere Shoutouts gehen raus an (wie so oft) JorrisVBT fÃ¼r den Re-Upload der Runde von Luie-Die-Nadel gegen Klaus Bukkake und auch an den Kanal ""VBT dies das"" fÃ¼r den Re-Upload der Runde von Rec-Z gegen Coru. Die KanÃ¤le der beiden Jungs habe ich euch weiter unten verlinkt. Schaut da gerne mal vorbei, wenn ihr an alten, verschollenen VBT-Runden interessiert seid. Noch als Anmerkung dazu, wie sich die Liste der Aussteiger und Verpeiler zusammensetzt - in die Tabelle schafft es jeder, der mindestens einmal das 16tel-Finale erreicht hat und mindestens zweimal ausgestiegen ist. Es zÃ¤hlen selbstverstÃ¤ndlich nur Ausstiege aus dem VBT und der Splash!-Edition. Sortiert habe ich die Liste der vielen zweifachen Aussteiger relativ grob nach der hÃ¶chsten je erreichten Platzierung der Teilnehmer. Die vollstÃ¤ndige Tabelle (SPOILER!) ----------------------------------------Â­Â­Â­Â­Â­------------------------------------Â­-Â­-Â­- 22. B-H!gh - 2 Ausstiege 21. Onkel Gammel - 2 Ausstiege 20. Cosa - 2 Ausstiege 19. Sepsis - 2 Ausstiege 18. MPH - 2 Ausstiege 17. Meins - 2 Ausstiege 16. Dobbo - 2 Ausstiege 15. Punjizz - 2 Ausstiege 14. K-Win - 2 Ausstiege 13. Lance Butters - 2 Ausstiege 12. mRo - 2 Ausstiege 11. T-Jey - 2 Ausstiege 10. Pete Licious - 2 Ausstiege 09. MC Baum - 2 Ausstiege 08. Pr!Mar - 2 Ausstiege 07. Persteasy - 2 Ausstiege 06. Duzoe - 3 Ausstiege 05. B-Chris - 3 Ausstiege 04. Akfone - 3 Ausstiege (immer im Achtelfinale) 03. Dupash - 4 Ausstiege + EOR Ausstieg 02. Donetasy - 4 Ausstiege + MOT-Ausstieg 01. Luie-Die-Nadel - 5 Ausstiege (reichte auch im Splash! 14 keinen Part ein) ----------------------------------------Â­Â­Â­Â­Â­------------------------------------Â­-Â­-Â­- â–º Facebook: https://www.facebook.com/VBTMemes/ â–º JorrisVBT: https://www.youtube.com/channel/UCXY41QGxFyeIbOY6yq7BSYA/ â–º VBT dies das: https://www.youtube.com/channel/UCZ6vea0SPCEDUkYZq1UdxjQ Intro- und Outro-Musik: ----------------------------------------Â­Â­Â­Â­Â­------------------------------------Â­-Â­-Â­- â™« Music is from RepeatSounds! http://www.youtube.com/user/RepeatSounds http://www.facebook.com/RepeatSounds https://soundcloud.com/repeatsounds https://twitter.com/RepeatSounds â™« Check out the artist! https://soundcloud.com/minor-u https://www.facebook.com/MinoruMusic http://twitter.com/iAmMinoru ----------------------------------------Â­Â­Â­Â­Â­------------------------------------Â­-Â­-Â­-","VBT,TNM Rapbattle,Brian Diamond,donetasy,donetasy vbt splash,1battle,rappers in,VBT Splash 13,luie vs klaus,dirtymaulwurf vs donetasy,donetasy vbt,donetasy maulwurf,donetasy best of,luie die nadel vs klaus,vbt 2012,vbt 2015,vbt konter,donetasy vs. dirty Maulwurf HR VBT Splash!,donetasy 3plusss",10,Music,"Hip_hop_music,Music",PT6M47S,407,2d,hd,false,de,de,https://i.ytimg.com/vi/xgwcXc4hgk0/maxresdefault.jpg,,,,,16597,419,,0,89
25,UCyH7z1amFxTHt0QlipJh74g,YÃ¼ah.,wRVsRfsqBYI,2020-03-14T17:00:15Z,"2020-03-14 17:00:15","Die besten VBT-Crews","Als Special fÃ¼r die 1000 Abos, die nun schon etwas lÃ¤nger zurÃ¼ckliegen, kommt ein Video, das ich schon lange machen wollte: Die besten VBT-Crews aller Zeiten. Wie immer handelt es sich hier um keine subjektive Bewertung, sondern darum, wie gut die Teilnehmer im Turnier abgeschnitten haben. #VBT #1Battle #YÃ¼ah Bedingungen und Regeln fÃ¼r die Rangliste: ----------------------------------------Â­Â­Â­Â­Â­------------------------------------Â­-Â­-Â­- â–º Wie gezÃ¤hlt wird: Sortiert wird nach den erreichten Platzierungen bei den einzelnen Teilnahmen der Crew-Mitglieder. Die Platzierung bei einer gemeinsamen Teilnahme der Crew im VBT Splash! 2014 zÃ¤hlt einmal pro Crew. Wie bei einem Medaillenspiegel zÃ¤hlt die QualitÃ¤t der erreichten Platzierung von ihrer Anzahl. â–º Was gezÃ¤hlt wird: Da es hier um den Erfolg der Crews im VBT geht, zÃ¤hlen ausschlieÃŸlich die VBT-Turniere und dessen Sonder-Editionen. â–º Was nicht gezÃ¤hlt wird: Alles wo nicht VBT drauf steht: BLB, CBC, JBB und das VCB der Stoney Styles. â–º Von einer Crew mÃ¼ssen mindestens zwei Mitglieder am VBT teilgenommen haben. Deswegen keine Platzierung fÃ¼r Crews wie die Click Clack Clique und Smoove Attack. â–º Musiklabels wie die Halunkenbande zÃ¤hlen nicht. â–º Crews, die auÃŸer der Teilnahme am VBT Splash! 2014 keine weitere AktivitÃ¤t vorweisen kÃ¶nnen, zÃ¤hlen nicht mit rein. Deshalb keine Platzierung fÃ¼r Brave New World. AuÃŸerdem zÃ¤hlen keine â€Zweckgemeinschaftenâ€œ wie ME-L Techrap & MoooN etc. â–º Die getrennten Teilnahmen von Primatune und Mikzn70 & Akfone werden beide der Rosa Rand GÃ¤ng zugerechnet. Der Zusammenschluss von Mikzn & Akfone mit Brennpunkt zur Bang Bars Gang im Halbfinale des VBT-Splash! 2014 wird wegen ihrer Disqualifikation nicht gewertet. â–º Teilnahmen von Rappern, die mittlerweile nicht mehr Teil der Crew sind, werden trotzdem mit eingerechnet. Eine Ausnahme gilt fÃ¼r die Teilnahmen der ehemaligen BVT-Mitglieder von Geil Wie Sau. Diese werden nur GWS angerechnet. Die gemeinsame VBT Splash-Teilnahme von Flensburg wird sowohl BVT als auch GWS angerechnet. â–º Wegen der groÃŸen Ãœberschneidung der Crewmitglieder wird die Teilnahme der Roten Bande beim VBT Splash! 2014 den 31er Allstars zugerechnet. Auch die AktivitÃ¤ten der Bespoke Family sind in dem Fall mit inbegriffen, da deren im VBT erfolgreichen Mitglieder auch Teil der 31er Allstars waren. â–º Die Teilnahmen von Acou werden sowohl Team Malle als auch Pamera zugerechnet. ----------------------------------------Â­Â­Â­Â­Â­------------------------------------Â­-Â­-Â­- Die komplette Rangliste (SPOILER): ----------------------------------------Â­Â­Â­Â­Â­------------------------------------Â­-Â­-Â­- 37. WastedYoutHH 36. Radio Bronski 35. Colour Crew 34. No Hope Musik 33. Underdogs 32. Mason Family 31. MusterschÃ¼ler 30. Einzelkind 29. Hinterm Handschuhfach Links 28. Player Hater 27. Die Uppokalyptischen Uppetz 26. 111-Ãœbersound 25. TRZ 24. Bizzy Beats 23. Complex & Toomb 22. Frank Castle Cooking Gang 21. Geil Wie Sau 20. Bestes Von Town 19. Niente Nada Bastardo 18. SML 17. Royal Family 16. Pamera 15. Insight Job 14. Team Malle 13. Rosa Rand GÃ¤ng 12. Facial Traffic 11. Stoney Styles 10. Wirscheissengold 9. Brennpunkt 8. Reimebude 7. Trill Fingaz 6. 31er Allstars 5. Federballklikke 4. Team Reiben 3. KWU 2. Wir vom Prenzlauer Berg 1. Eypro ----------------------------------------Â­Â­Â­Â­Â­------------------------------------Â­-Â­-Â­- â–º Facebook: https://www.facebook.com/VBTMemes/ Intro- und Outro-Musik: ----------------------------------------Â­Â­Â­Â­Â­------------------------------------Â­-Â­-Â­- â™« Music is from RepeatSounds! http://www.youtube.com/user/RepeatSounds http://www.facebook.com/RepeatSounds https://soundcloud.com/repeatsounds https://twitter.com/RepeatSounds â™« Check out the artist! https://soundcloud.com/minor-u https://www.facebook.com/MinoruMusic http://twitter.com/iAmMinoru ----------------------------------------Â­Â­Â­Â­Â­------------------------------------Â­-Â­-Â­-","VBT,TNM Rapbattle,Brian Diamond,VBT Crews,YÃ¼ah VBT,3Plusss,VCB,Sorgenkind VBT,Weekend VBT,DirtyMaulwurf,Dirty Maulwurf,SCB,Peat VBT,beste Crews,eypro,duzoe vbt",10,Music,"Hip_hop_music,Music",PT13M25S,805,2d,hd,false,de,de,https://i.ytimg.com/vi/wRVsRfsqBYI/maxresdefault.jpg,,,,,25791,589,,0,144
26,UCyH7z1amFxTHt0QlipJh74g,YÃ¼ah.,cT8it1iTHAA,2020-01-17T17:00:16Z,"2020-01-17 17:00:16","Das VBT Release Radar 2019","Okay, dann wird das wohl jetzt Tradition. Neues Jahr, neues Release-Radar. Wir blicken zurÃ¼ck auf die Musik ehemaliger VBT-Rapper, die im letzten Jahr erschienen ist. Coverstar ist in diesem Jahr der gute Sorgenkind, der nach Jahren wieder mal etwas von sich hat hÃ¶ren lassen. Hoffen wir, dass das in diesem Jahr auch auf einige seiner ehemaligen Crew-Kollegen zutrifft. *hust, 3Plusss, hust* AuÃŸerdem: Entetainment hat im letzten Jahr seine Chartplatzierung seines DebÃ¼t-Albums Ã¼bertroffen, MC Zirkel hat gleich 3 EP's in dieser Liste und Jenemy hat endlich sein Album verÃ¶ffentlicht. Viel SpaÃŸ beim Schauen! An der Stelle schon einmal vielen Dank fÃ¼r 1.000 Abos! Das ist wirklich unglaublich und unerwartet. Ein kleines Special dazu folgt noch, mehr dazu bald. â–º Download ""SAD/DEAD"" von Talf & 2feels: http://insightjob.de â–º Download ""-NEVER-"" von BlaDesa: http://bladesa.info/ â–º Facebook: https://www.facebook.com/VBTMemes/ â–º Alternativer Beat: MAULI - Autismus x Autotune Type Beat | prod.by [S.M.B] https://www.youtube.com/watch?v=BnlmXfOXZiQ Intro- und Outro-Musik: ----------------------------------------Â­Â­Â­Â­Â­------------------------------------Â­-Â­-Â­- â™« Music is from RepeatSounds! http://www.youtube.com/user/RepeatSounds http://www.facebook.com/RepeatSounds https://soundcloud.com/repeatsounds https://twitter.com/RepeatSounds â™« Check out the artist! https://soundcloud.com/minor-u https://www.facebook.com/MinoruMusic http://twitter.com/iAmMinoru ----------------------------------------Â­Â­Â­Â­Â­------------------------------------Â­-Â­-Â­-","VBT,TNM Rapbattle,Brian Diamond,Sorgenkind VBT,VBT Release Radar,VBT 2019,VBT 2020,Jenemy VBT,Talf VBT,MC Zirkel,yÃ¼ah vbt,vbt finale,vbt peat,vbt 2018 finale,engine itano,3Plusss VBT",10,Music,"Electronic_music,Hip_hop_music,Music,Pop_music",PT11M37S,697,2d,hd,false,de,de,https://i.ytimg.com/vi/cT8it1iTHAA/maxresdefault.jpg,,,,,4818,233,,0,51
27,UCyH7z1amFxTHt0QlipJh74g,YÃ¼ah.,tfWT2qhos7g,2019-12-25T19:45:02Z,"2019-12-25 19:45:02","Die hÃ¶chsten VBT-Siege aller Zeiten","Frohe Weihnachten! Ich melde mich zurÃ¼ck - mit den hÃ¶chsten Siegen im Videobattleturnier. Oder mit den hÃ¶chsten Niederlagen, je nachdem aus welcher Sicht. In diesem Video gibt es fÃ¼r euch sicher die ein oder andere Ãœberraschung - und sehr viele Splifftastic-Battles. â–º Facebook: https://www.facebook.com/VBTMemes/ Hier die komplette Auflistung aller Battle-Siege und -Niederlagen mit mindestens 30 Punkten Unterschied (SPOILER): ----------------------------------------Â­Â­Â­Â­Â­------------------------------------Â­-Â­-Â­- Platz 17: VBT 2013 Achtel - Luie-Die-Nadel vs Hendrik Lamar - 56:26 Platz 16: VBT 2013 16tel - Mavel vs SouleK - 48:18 Platz 15: VBT 2010 16tel - Kico vs Makillas - 30:0 Platz 14: VBT 2013 Finale - SpliffTastiC vs ME-L Techrap - 58:27 Platz 13: VBT 2013 16tel - Duzoe vs Diverse - 60:29 Platz 12: VBT 2010 Viertel - GeOT vs Flow-King - 38:6 Platz 11: VBT 2009 Achtel - Sorgenkind vs SpliffTastiC - 67:34 Platz 10: VBT 2015 16tel - Frank Hemd vs Vitality - 38:5 Platz 9: VBT 2012 16tel - Matsche vs Dieter Griffin - 49:15 Platz 8: VBT 2013 Viertel - BlaDesa vs Mavgic - 65:30 Platz 7: VBT 2015 16tel - Jenemy vs Jizz Fizz - 43:7 Platz 6: VBT 2009 Achtel - Silus vs Rosh - 58:20 Platz 5: VBT 2013 Achtel - ME-L Techrap vs Kex Kuhl - 58:18 Platz 4: VBT 2013 Viertel - SpliffTastiC vs GeOT - 77:37 Platz 3: VBT 2012 16tel - SpliffTastiC vs Sickless - 60:17 Platz 2: VBT 2012 Viertel - Mio Mao vs 4tune - 81:34 Platz 1: VBT 2013 16tel - SpliffTastiC vs JanniX - 61:7 Intro- und Outro-Musik: ----------------------------------------Â­Â­Â­Â­Â­------------------------------------Â­-Â­-Â­- â™« Music is from RepeatSounds! http://www.youtube.com/user/RepeatSounds http://www.facebook.com/RepeatSounds https://soundcloud.com/repeatsounds https://twitter.com/RepeatSounds â™« Check out the artist! https://soundcloud.com/minor-u https://www.facebook.com/MinoruMusic http://twitter.com/iAmMinoru ----------------------------------------Â­Â­Â­Â­Â­------------------------------------Â­-Â­-Â­- #VBT #1Battle #YÃ¼ah","hÃ¶chste vbt siege,hÃ¶chste vbt niederlagen,SpliffTastiC vs JanniX,Splifftastic vs Sickless,Splifftastic,Mio Mao vs 4tune,YÃ¼ah.,rappers in,Weekend VBT,Battleboi Basti,ME-L Techrap,Kex Kuhl,Peat VBT,VBT 2013,VBT 2015,VBT 2018,VBT,duzoe vs diverse,VBT Konter,Esta VBT,Persteasy,Klaus Bukkake,Shliiwa,TNM Rapbattle Turnier,Frank hemd vitality,Frank vita,vbt esmaticx,blektro,1battle,1battle cup,Kico VBT,sherly,brizzy,1battle cup quali,duzoe",10,Music,"Hip_hop_music,Music",PT12M14S,734,2d,hd,false,de,de,https://i.ytimg.com/vi/tfWT2qhos7g/maxresdefault.jpg,,,,,92090,1180,,0,163
28,UCyH7z1amFxTHt0QlipJh74g,YÃ¼ah.,w0KckX24w2Q,2019-05-19T15:51:19Z,"2019-05-19 15:51:19","VBT - Die endgÃ¼ltige Bestenliste","Hier ist sie - die endgÃ¼ltige Bestenliste des VBTs. Mit einer subjektiven Bewertung der Rapper hat das nichts zu tun und es geht auch nicht um die besten Rapper des Turniers, sondern darum wer die beste Siegquote aus seinen Battles mitnehmen konnte. Also macht euch auf einige Ãœberraschungen gefasst! â–º Die ganze Liste: https://vbt.fandom.com/de/wiki/VBT-Rangliste â–º Die Rangliste kommentiert von Peat, Engine Itano, Captain Jenny und Up: https://youtu.be/7bMB1yGeVKM â–º Facebook: https://www.facebook.com/VBTMemes/ â–º Beat vom Videoanfang: MAULI - Autismus x Autotune Type Beat | prod.by [S.M.B] https://www.youtube.com/watch?v=BnlmXfOXZiQ Intro- und Outro-Musik: ----------------------------------------Â­Â­Â­Â­Â­------------------------------------Â­-Â­-Â­- â™« Music is from RepeatSounds! http://www.youtube.com/user/RepeatSounds http://www.facebook.com/RepeatSounds https://soundcloud.com/repeatsounds https://twitter.com/RepeatSounds â™« Check out the artist! https://soundcloud.com/minor-u https://www.facebook.com/MinoruMusic http://twitter.com/iAmMinoru ----------------------------------------Â­Â­Â­Â­Â­------------------------------------Â­-Â­-Â­-","VBT Bestenliste,VBT Rangliste,VBT 2018,VBT Finale,VBT 2012,koala vbt,Lance Butters VBT,mro vbt,Brian Diamond,Duzoe,VBT Konter,VBT Hooks,Dieter Griffin,Kennyzle,Frank Hemd,Acou,VBT,GeOT,Scotch VBT,Shliiwa,Peat VBT,T-Jey VBT,Engine Itano,Jenemy,Kico,donetasy,DirtyMaulwurf,Esta VBT,ME-L Techrap,3Plusss,Splifftastic,Klaus Bukkake,Persteasy,Weekend VBT,Battleboi Basti,Captain Jenny,MC Zirkel,SDB,TNM Rapbattle Turnier",10,Music,"Hip_hop_music,Music",PT10M37S,637,2d,hd,false,de,de,,,,,,72516,1263,,0,304
29,UCyH7z1amFxTHt0QlipJh74g,YÃ¼ah.,ng3TlznbSIk,2019-05-03T16:33:19Z,"2019-05-03 16:33:19","Die allerbesten Hooks im VBT 2012 - Part 2","Lang habt ihr auf die Fortsetzung gewartet und hier ist er - der zweite Teil der besten Hooks aus dem VBT 2012. Und auch wenn es hier nicht um das VBT 2018 gehen mag, so entkommt ihr trotzdem nicht den klangvollen Hooks von Engine Itano. Bis Part 3 dauert es wohl noch ein wenig, da es bisher so aussieht, als wÃ¼rde dieser nur aus Hooks von Battleboi Basti und Happy Beckmann bestehen. Also, gebt mir noch etwas Zeit. â–º Zu Part 1: https://www.youtube.com/watch?v=GI4GiFuKVrw â–º Facebook: https://www.facebook.com/VBTMemes/ Intro- und Outro-Musik: ----------------------------------------Â­Â­Â­Â­Â­------------------------------------Â­-Â­-Â­- â™« Music is from RepeatSounds! http://www.youtube.com/user/RepeatSounds http://www.facebook.com/RepeatSounds https://soundcloud.com/repeatsounds https://twitter.com/RepeatSounds â™« Check out the artist! https://soundcloud.com/minor-u https://www.facebook.com/MinoruMusic http://twitter.com/iAmMinoru ----------------------------------------Â­Â­Â­Â­Â­------------------------------------Â­-Â­-Â­-","vbt 2018 finale,vbt 2018,vbt 2012,happy beckmann,persteasy,weekend vbt,klaus bukkake,vbt 2012 hooks,vbt 2018 hooks,jbb hooks,vbt hooks,sdb,sdb colour crew,vbt,engine itano,peat vbt,battleboi basti,dr. lucs,4tune,mio mao,esta,pimf,kico,t-jey,3plusss,shliiwa,dirtymaulwurf,peat engine itano,darth morty,gerd mcfly,sdb halbfinale,sdb finale,vbt finale",10,Music,"Hip_hop_music,Music",PT19M27S,1167,2d,hd,false,de,de,,,,,,38814,416,,0,67
30,UCyH7z1amFxTHt0QlipJh74g,YÃ¼ah.,7XDVRcUnn9g,2019-04-21T12:00:01Z,"2019-04-21 12:00:01","Die allerbesten Hooks im VBT 2018 - Part 2","Hier ist er, der zweite Teil der allerbesten Hooks im VBT 2018. Diesmal sind wir mit Darth Morty auf Kuba unterwegs oder holen einfach coru zurÃ¼ck und battlen Gegner aus dem Urlaub mit Sprachnachrichten wie Dima Richman. Da in dem letztem Teil ""nur"" vier Hooks von Engine Itano waren, ist in diesem Part nun unvermeidlich quasi jede zweite von ihm. Viel SpaÃŸ beim Schauen! â¯ˆ Hier geht's zum ersten Teil: https://youtu.be/GPKAlrFnwy8 â¯ˆ Facebook: https://www.facebook.com/VBTMemes/ Intro- und Outro-Musik: ----------------------------------------Â­Â­Â­Â­Â­------------------------------------Â­-Â­-Â­- â™« Music is from RepeatSounds! http://www.youtube.com/user/RepeatSounds http://www.facebook.com/RepeatSounds https://soundcloud.com/repeatsounds https://twitter.com/RepeatSounds â™« Check out the artist! https://soundcloud.com/minor-u https://www.facebook.com/MinoruMusic http://twitter.com/iAmMinoru ----------------------------------------Â­Â­Â­Â­Â­------------------------------------Â­-Â­-Â­-","vbt hooks,vbt 2018 hooks,vbt 2018 finale,vbt 2018 peat,vbt peat,engine itano,tomaten mark,peat vs mro,vbt 2018 vr3,vbt 2018 halbfinale,vbt dima,darth morty,vbt neko,lensch,tamo-flage,vbt weekend,vbt finale,vbt 2019",10,Music,"Hip_hop_music,Music,Pop_music",PT17M15S,1035,2d,hd,false,de,de,,,,,,30460,406,,0,86
31,UCyH7z1amFxTHt0QlipJh74g,YÃ¼ah.,nSWyewVh2h4,2019-04-16T16:00:08Z,"2019-04-16 16:00:08","TschÃ¼ss VBT! - Letzte Worte mit MC Zirkel","Das Finale des VBT 2018 ist Geschichte, die Ergebnisse stehen noch aus. Und tatsÃ¤chlich kommt hier kurz vor knapp noch ein weiteres Interview mit einem Teilnehmer des Turniers. Und nicht mit irgendwem, sondern mit dem nettesten im VBT - dem groÃŸartigen MC Zirkel! Vielen Dank an Zirkel fÃ¼r die MÃ¼he und die Zeit und euch ganz viel SpaÃŸ beim Schauen! MC Zirkel: â¯ˆ Facebook: https://www.facebook.com/MCZirkel/ â¯ˆ YouTube: https://www.youtube.com/user/ChiledColaChannel â¯ˆ Twitter: https://twitter.com/mczirkel YÃ¼ah.: â¯ˆ Facebook: https://www.facebook.com/VBTMemes/ Intro- und Outro-Musik: ----------------------------------------Â­Â­Â­Â­Â­------------------------------------Â­-Â­-Â­- â™« Music is from RepeatSounds! http://www.youtube.com/user/RepeatSounds http://www.facebook.com/RepeatSounds https://soundcloud.com/repeatsounds https://twitter.com/RepeatSounds â™« Check out the artist! https://soundcloud.com/minor-u https://www.facebook.com/MinoruMusic http://twitter.com/iAmMinoru ----------------------------------------Â­Â­Â­Â­Â­------------------------------------Â­-Â­-Â­-","mc zirkel,vbt,vbt 2018,vbt interview,vbt finale,vbt 2018 finale,psyman vbt,vbt 2018 ergebnisse,vbt bewertung,vbt finale bewertung,engine itano,peat,peat vbt,persteasy,weekend vbt,battleboi basti,nenawave",10,Music,"Hip_hop_music,Music",PT7M17S,437,2d,hd,false,de,de,,,,,,2454,134,,0,7
32,UCyH7z1amFxTHt0QlipJh74g,YÃ¼ah.,GPKAlrFnwy8,2019-04-14T19:01:56Z,"2019-04-14 19:01:56","Die allerbesten Hooks im VBT 2018 - Part 1","Das Finale des VBT 2018 ist Geschichte, die Ergebnisse stehen in den StartlÃ¶chern und bald haben wir Gewissheit, wer Sieger des letzten VBTs sein wird. Aber bevor wir endgÃ¼ltig mit dem Turnier abschlieÃŸen, gibt es jetzt noch einen RÃ¼ckblick auf die besten Hooks. Egal, ob Tennistricks mit Gerd MCFleezy, Italienisch-Stunden mit Engine Itano oder FahrrÃ¤der klauen mit NiksDa - alles hier zu finden! â¯ˆ Hier geht's zu Part 2: https://youtu.be/7XDVRcUnn9g â¯ˆ Facebook: https://www.facebook.com/VBTMemes/ Intro- und Outro-Musik: ----------------------------------------Â­Â­Â­Â­Â­------------------------------------Â­-Â­-Â­- â™« Music is from RepeatSounds! http://www.youtube.com/user/RepeatSounds http://www.facebook.com/RepeatSounds https://soundcloud.com/repeatsounds https://twitter.com/RepeatSounds â™« Check out the artist! https://soundcloud.com/minor-u https://www.facebook.com/MinoruMusic http://twitter.com/iAmMinoru ----------------------------------------Â­Â­Â­Â­Â­------------------------------------Â­-Â­-Â­-","vbt 2018 hooks,vbt 2018,vbt hooks,engine itano,peat,peat hooks,vbt finale,vbt 2018 finale,vbt 2019,vbt 2019 finale,gerd mcfly,mc zirkel,lucs vbt,denver don,gordon vbt,niksda vbt,vbt 18,tamo vbt,neko vbt,talf vbt,vbt konter,jbb 2018 hooks,jbb 2017 hooks,tomaten mark,battleboi basti,tamo-flage",10,Music,"Hip_hop_music,Music",PT20M3S,1203,2d,hd,false,de,de,,,,,,43683,600,,0,97
33,UCyH7z1amFxTHt0QlipJh74g,YÃ¼ah.,rP2JJHoTq_Y,2019-04-08T16:00:05Z,"2019-04-08 16:00:05","TschÃ¼ss VBT! - Letzte Worte mit T-Jey","Die RÃ¼ckrunden des VBT 2018-Finale sind drauÃŸen, das VBT ist aber noch nicht endgÃ¼ltig Geschichte. Da fehlen doch noch die Ergebnisse und so machen wir hier unbeirrt weiter mit der Interview-Reihe. Diesmal ist der VBT-Veteran T-Jey dran und stellt sich mutig den knallharten Fragen. Viel SpaÃŸ beim Zuschauen und ein dickes DankeschÃ¶n an T-Jey! T-Jey: â¯ˆ Facebook: https://www.facebook.com/TJey.KE/ â¯ˆ YouTube:https://www.youtube.com/user/TJeysoni YÃ¼ah.: â¯ˆ Facebook: https://www.facebook.com/VBTMemes/ Intro- und Outro-Musik: ----------------------------------------Â­Â­Â­Â­Â­------------------------------------Â­-Â­-Â­- â™« Music is from RepeatSounds! http://www.youtube.com/user/RepeatSounds http://www.facebook.com/RepeatSounds https://soundcloud.com/repeatsounds https://twitter.com/RepeatSounds â™« Check out the artist! https://soundcloud.com/minor-u https://www.facebook.com/MinoruMusic http://twitter.com/iAmMinoru ----------------------------------------Â­Â­Â­Â­Â­------------------------------------Â­-Â­-Â­-","vbt 2018,t-jey,vbt t-jey,tjey,vbt peat,vbt finale,vbt 2018 finale,engine itano,engine itano peat,vbt interview,t-jey interview,vbt 2018 hooks,t-jey vbt 2018,t jey",10,Music,Hip_hop_music,PT7M21S,441,2d,hd,false,de,de,,,,,,3677,166,,0,29
34,UCyH7z1amFxTHt0QlipJh74g,YÃ¼ah.,M2nCM44Kedk,2019-03-17T14:30:00Z,"2019-03-17 14:30:00","TschÃ¼ss VBT! - Letzte Worte mit Brian Diamond","In der neuen Ausgabe des Formats ""TschÃ¼ss VBT! - Letzte Worte mit..."" stellt sich diesmal Brian Diamond den bekannten Fragen. Warum er nochmal am VBT 2018 teilgenommen hat und wieso er eigentlich zu alt fÃ¼r den ScheiÃŸ ist, wer das Finale gewinnen wird und was Team Malle nach dem Turnier vorhat, das erfahrt ihr in diesem Video. Vielen Dank an Brian, dass er sich die Zeit genommen hat und euch viel SpaÃŸ beim Schauen! Brian Diamond: â¯ˆ Facebook: https://www.facebook.com/nichtmitbrian â¯ˆ YouTube: https://www.youtube.com/user/lessiw â¯ˆ Instagram: https://www.instagram.com/diamantenbengel/ YÃ¼ah.: â¯ˆ Facebook: https://www.facebook.com/VBTMemes/ Intro- und Outro-Musik: ----------------------------------------Â­Â­Â­Â­Â­------------------------------------Â­-Â­-Â­- â™« Music is from RepeatSounds! http://www.youtube.com/user/RepeatSounds http://www.facebook.com/RepeatSounds https://soundcloud.com/repeatsounds https://twitter.com/RepeatSounds â™« Check out the artist! https://soundcloud.com/minor-u https://www.facebook.com/MinoruMusic http://twitter.com/iAmMinoru ----------------------------------------Â­Â­Â­Â­Â­------------------------------------Â­-Â­-Â­-","vbt interview,vbt 2018,brian diamond,brian diamond vbt 2018,vbt 2018 hooks,vbt 2018 finale,engine itano,peat vbt,vbt finale,vbt 2018 lucs,vbt brian diamond,team malle",10,Music,"Hip_hop_music,Music",PT5M34S,334,2d,hd,false,de,de,https://i.ytimg.com/vi/M2nCM44Kedk/maxresdefault.jpg,,,,,1702,99,,0,9
35,UCyH7z1amFxTHt0QlipJh74g,YÃ¼ah.,210D1JaSCCg,2019-03-13T20:55:50Z,"2019-03-13 20:55:50","TschÃ¼ss VBT! - Letzte Worte mit Bernd ohne Namen","Morgen ist es soweit - Das allerletzte Finale der VBT-Geschichte beginnt und zur Einstimmung gibt's ein kleines Interview mit Bernd ohne Namen, der sich ganzen fÃ¼nf knallharten Fragen stellen muss. Warum er noch einmal am VBT 2018 teilgenommen hat, wer dieses VBT gewinnen wird und was Bernd als nÃ¤chstes vorhat, das erfahrt ihr mÃ¶glicherweise in diesem Video. â¯ˆ Facebook: https://www.facebook.com/VBTMemes/ Intro- und Outro-Musik: ----------------------------------------Â­Â­Â­Â­Â­------------------------------------Â­-Â­-Â­- â™« Music is from RepeatSounds! http://www.youtube.com/user/RepeatSounds http://www.facebook.com/RepeatSounds https://soundcloud.com/repeatsounds https://twitter.com/RepeatSounds â™« Check out the artist! https://soundcloud.com/minor-u https://www.facebook.com/MinoruMusic http://twitter.com/iAmMinoru ----------------------------------------Â­Â­Â­Â­Â­------------------------------------Â­-Â­-Â­-","bernd ohne namen,vbt interview,bernd ohne namen vbt,vbt 2018,vbt 2018 finale,vbt 2018 peat,vbt 2018 lucs,engine itano,bernd vbt,vbt 2018 hooks,vbt finale",10,Music,"Hip_hop_music,Music",PT7M4S,424,2d,hd,false,de,de,,,,,,1222,82,,0,27
36,UCyH7z1amFxTHt0QlipJh74g,YÃ¼ah.,4t_HK3FSD4g,2019-01-20T14:00:14Z,"2019-01-20 14:00:14","Das VBT Release Radar 2018","Was haben eure Lieblings-Rapper aus dem VBT im kÃ¼rzlich vergangenen Jahr eigentlich getrieben? Gab es erstmals seit Jahren wieder ein Lebenszeichen in Form eines Albums oder einer EP? Oder war er scheinbar zu unausgelastet mit einer Teilnahme am JBB und seiner eigenen Tour und hat im Jahr 2018 gleich ganze drei Releases verÃ¶ffentlicht, wie es bei GReeeN der Fall war? In diesem Video blicken wir auf das letzte Jahr zurÃ¼ck und schauen, was die ehemaligen VBT-Teilnehmer von sich haben hÃ¶ren lassen. â¯ˆ Facebook: https://www.facebook.com/VBTMemes/ Intro- und Outro-Musik: ----------------------------------------Â­Â­Â­Â­Â­------------------------------------Â­-Â­-Â­- â™« Music is from RepeatSounds! http://www.youtube.com/user/RepeatSounds http://www.facebook.com/RepeatSounds https://soundcloud.com/repeatsounds https://twitter.com/RepeatSounds â™« Check out the artist! https://soundcloud.com/minor-u https://www.facebook.com/MinoruMusic http://twitter.com/iAmMinoru ----------------------------------------Â­Â­Â­Â­Â­------------------------------------Â­-Â­-Â­-","vbt,vbt halbfinale,vbt 2018,vbt finale,vbt 2018 finale,engine itano,peat vbt,vbt rapper",10,Music,"Hip_hop_music,Music,Pop_music",PT10M37S,637,2d,hd,false,de,de,,,,,,2705,132,,0,41
37,UCyH7z1amFxTHt0QlipJh74g,YÃ¼ah.,GI4GiFuKVrw,2018-12-23T17:48:58Z,"2018-12-23 17:48:58","Die allerbesten Hooks im VBT 2012 - Part 1","Eigentlich zur Feier von 100 Abos geplant, wollte ich mal die besten Hooks aus dem VBT 2012 fÃ¼r euch in einem Video zusammenstellen. Das ganze wurde dann ""relativ"" lang, ich bin jetzt fast bei einer ganzen Stunde und noch immer nicht fertig. Jetzt kommt das ganze in mehreren Teilen auf YouTube. Sagt auch ruhig mal Bescheid, ob ihr noch Hooks aus anderen Jahren in einem eigenen Video oder gar einer Videoreihe haben wollt. Part 2 folgt bald. â¯ˆ Facebook: https://www.facebook.com/VBTMemes/ Intro- und Outro-Musik: ----------------------------------------Â­Â­Â­Â­Â­------------------------------------Â­-Â­-Â­- â™« Music is from RepeatSounds! http://www.youtube.com/user/RepeatSounds http://www.facebook.com/RepeatSounds https://soundcloud.com/repeatsounds https://twitter.com/RepeatSounds â™« Check out the artist! https://soundcloud.com/minor-u https://www.facebook.com/MinoruMusic http://twitter.com/iAmMinoru ----------------------------------------Â­Â­Â­Â­Â­------------------------------------Â­-Â­-Â­-","vbt 2012,vbt 2012 hooks,vbt hooks,dirtymaulwurf hooks,mauli hooks,mauli vbt,vbt 2018 hooks,vbt 2015 hooks,beste vbt hooks,vbt 2018 finale,vbt 2018 halbfinale,engine itano tomaten mark,peat mro,vbt 2018,vbt 2011 hooks,engine itano",10,Music,"Hip_hop_music,Music",PT18M58S,1138,2d,hd,false,de,de,,,,,,59290,692,,0,86
38,UCyH7z1amFxTHt0QlipJh74g,YÃ¼ah.,oZRxj6QtiCQ,2018-11-30T17:00:08Z,"2018-11-30 17:00:08","VBT-Runden auf bekannten Instrumentals - Part 3","Hier kommt der dritte Teil der Reihe bekannter Instrumentals, auf denen im VBT gerappt wurde. Viel SpaÃŸ! â¯ˆ Hier geht's zum ersten Teil: https://youtu.be/aelXVyy4pN8 â¯ˆ Hier geht's zum zweiten Teil: https://youtu.be/oIeJUKzc9Rs â¯ˆ Facebook: https://www.facebook.com/VBTMemes/ Intro-Musik: ----------------------------------------Â­Â­Â­Â­Â­------------------------------------Â­-Â­-Â­- â™« Music is from RepeatSounds! http://www.youtube.com/user/RepeatSounds http://www.facebook.com/RepeatSounds https://soundcloud.com/repeatsounds https://twitter.com/RepeatSounds â™« Check out the artist! https://soundcloud.com/minor-u https://www.facebook.com/MinoruMusic http://twitter.com/iAmMinoru ----------------------------------------Â­Â­Â­Â­Â­------------------------------------Â­-Â­-Â­-","vbt 2018,vbt beats,vbt instrumentals,vbt 2018 achtel,vbt 2018 finale,mc zirkel,mro vbt,yÃ¼ah,vbt 2018 viertel,vbt 2018 tamo,vbt 2018 halbfinale,vbt memes,engine itano,t-jey vbt,dima richman",10,Music,"Hip_hop_music,Music",PT6M43S,403,2d,hd,false,de,de,https://i.ytimg.com/vi/oZRxj6QtiCQ/maxresdefault.jpg,,,,,6025,158,,0,28
39,UCyH7z1amFxTHt0QlipJh74g,YÃ¼ah.,nQEb9zVj_nU,2018-09-21T19:42:50Z,"2018-09-21 19:42:50","VBT-Veteranen: Die Rapper mit den meisten Teilnahmen","Heute listen wir die Rapper auf, die am hÃ¤ufigsten am VBT teilgenommen haben: Die Veteranen des Videobattleturniers. Danke auch an den User ""H!gh Fvcker"", der sich das Thema unter dem letzten Video gewÃ¼nscht hat. â¯ˆ Facebook: https://www.facebook.com/VBTMemes/ Intro- und Outro-Musik: ----------------------------------------Â­Â­Â­Â­Â­------------------------------------Â­-Â­-Â­- â™« Music is from RepeatSounds! http://www.youtube.com/user/RepeatSounds http://www.facebook.com/RepeatSounds https://soundcloud.com/repeatsounds https://twitter.com/RepeatSounds â™« Check out the artist! https://soundcloud.com/minor-u https://www.facebook.com/MinoruMusic http://twitter.com/iAmMinoru ----------------------------------------Â­Â­Â­Â­Â­------------------------------------Â­-Â­-Â­-","vbt veteranen,vbt 2018,vbt 2018 16tel,vbt 2018 achtel,vbt 8tel,jannix vbt,splifftastic vbt,vbt 2019,vbt 2018 hooks,vbt hooks,yÃ¼ah vbt,vbt teilnehmer",10,Music,"Hip_hop_music,Music",PT8M37S,517,2d,hd,false,de,de,,,,,,19117,425,,0,119
40,UCyH7z1amFxTHt0QlipJh74g,YÃ¼ah.,o_VoEl0-4Aw,2018-09-04T21:14:10Z,"2018-09-04 21:14:10","Die grÃ¶ÃŸten VBT-Comebacks","Vor allem in diesem Jahr gab es so einige Ã¼berraschende RÃ¼ckkehrer, die nach lÃ¤ngerer Zeit ihr Comeback im VBT feierten. Manche unter neuem Namen, andere sind auch weiterhin auch mit ihrem alten Image unterwegs. Wir werfen einen Blick auf die grÃ¶ÃŸten Comebacks der VBT-Geschichte!","vbt 2018,vbt 16tel,vbt 8tel,vbt 2018 16tel,vbt 18 16tel,darth morty,engine itano,darth morty vbt 2009,vbt comebacks,vbt legenden,illflow vbt,tamo flage vbt 2018,yÃ¼ah,vbt 18,vbt 2018 achtel,vbt 2018 finale,vbt 2018 4tel,vbt 2018 halbfinale,vbt 2018 hooks,yÃ¼ah vbt",10,Music,"Hip_hop_music,Music",PT14M32S,872,2d,hd,false,de,de,,,,,,29851,483,,0,52
41,UCyH7z1amFxTHt0QlipJh74g,YÃ¼ah.,oIeJUKzc9Rs,2018-08-13T14:01:47Z,"2018-08-13 14:01:47","VBT-Runden auf bekannten Instrumentals - Part 2","Hier kommt der zweite Teil der Reihe bekannter Instrumentals, auf denen im VBT gerappt wurde. Viel SpaÃŸ! â¯ˆ Hier geht's zum ersten Teil: https://youtu.be/aelXVyy4pN8 â¯ˆ Facebook: https://www.facebook.com/VBTMemes/ Intro- und Outro-Musik: ----------------------------------------Â­Â­Â­Â­Â­------------------------------------Â­-Â­-Â­- â™« Music is from RepeatSounds! http://www.youtube.com/user/RepeatSounds http://www.facebook.com/RepeatSounds https://soundcloud.com/repeatsounds https://twitter.com/RepeatSounds â™« Check out the artist! https://soundcloud.com/minor-u https://www.facebook.com/MinoruMusic http://twitter.com/iAmMinoru ----------------------------------------Â­Â­Â­Â­Â­------------------------------------Â­-Â­-Â­-","yÃ¼ah vbt,vbt beats,vbt instrumentals,vbt 2018,vbt tamo,vbt 2018 16tel,vbt 16tel,vbt 2018 64stel,vbt niksda,vbt 2018 juliensblog,vbt 2018 halbfinale,vbt 2018 finale,vbt 2018 quali,vbt 2018 hooks,vbt hooks,basti presto,vbt 2015,vbt 2010,vbt2018,vbt elite 2016,vbt elite,vbt 2018 4tel,vbt 2018 8tel,vbt 2011,vbt runden beats,3plusss weekend",10,Music,"Hip_hop_music,Music",PT6M31S,391,2d,hd,false,de,de,https://i.ytimg.com/vi/oIeJUKzc9Rs/maxresdefault.jpg,,,,,11184,209,,0,25
42,UCyH7z1amFxTHt0QlipJh74g,YÃ¼ah.,aelXVyy4pN8,2018-05-22T09:40:58Z,"2018-05-22 09:40:58","VBT-Runden auf bekannten Instrumentals","Wo finden diese Rapper immer nur ihre tollen Beats? Woher kenne ich diesen Beat nochmal? Welche Beats darf ich im VBT 2018 nicht benutzen? All diesen Fragen wird in diesem Video nachgegangen. Ein zweiter Teil folgt. Wahrscheinlich auch ein dritter. â–º https://www.facebook.com/VBTMemes/ Intro- und Outro-Musik: ----------------------------------------Â­Â­Â­Â­Â­------------------------------------Â­-Â­-Â­- â™« Music is from RepeatSounds! http://www.youtube.com/user/RepeatSounds http://www.facebook.com/RepeatSounds https://soundcloud.com/repeatsounds https://twitter.com/RepeatSounds â™« Check out the artist! (Intro) https://soundcloud.com/minor-u https://www.facebook.com/MinoruMusic http://twitter.com/iAmMinoru â™« Check out the artist! (Outro) https://soundcloud.com/professorkliq http://myspace.com/professorkliq http://www.professorkliq.com/ ----------------------------------------Â­Â­Â­Â­Â­------------------------------------Â­-Â­-Â­-","VBT-Runden,VBT splash,vbt,yÃ¼ah,dirtymaulwurf,pimf,sorgenkind,djin,vbt instrumentals,vbt beats,vbt runden beats,vbt beat,weekend vbt,vbt 2018,vbt wiki",10,Music,"Hip_hop_music,Music",PT7M9S,429,2d,hd,false,de,de,https://i.ytimg.com/vi/aelXVyy4pN8/maxresdefault.jpg,,,,,16222,363,,0,33
